{"cameraMode":{"drawMode":0,"name":"Shaded","section":"Shading Mode"},"sceneLighting":false,"audioPlay":false,"sceneViewState":{"m_AlwaysRefresh":false,"showFog":false,"showSkybox":false,"showFlares":false,"showImageEffects":false,"showParticleSystems":false,"showVisualEffectGraphs":true,"m_FxEnabled":true},"in2DMode":false,"pivot":{"x":-0.1996387243270874,"y":0.017550408840179445,"z":0.017100870609283448},"rotation":{"x":-0.04596369341015816,"y":0.920169472694397,"z":-0.11375517398118973,"w":-0.37180209159851076},"size":0.7980926632881165,"orthographic":false}